{
"createOrReplace": {
"object": {
"database": "SalesAnalysis2019",
"dataSource": "SQL/localhost;SalesAnalysis"
},
"dataSource": {
"type": "structured",
"name": "SQL/localhost;SalesAnalysis",
"connectionDetails": {
"protocol": "tds",
"address": {
"server": "sqlbackend",
"database": "SalesAnalysis"
},
"authentication": null,
"query": null
},
"credential": {
"AuthenticationKind": "UsernamePassword",
"Username": "datafactorydemo",
"Password" : "#PASSWORD#",
"EncryptConnection": false
}
}
}
}

